{
  "products":  [
    {
        "id": "8",
        "product_title": "Priya Mani",
        "product_price": "$178.00",
        "product_image": "assets/1.jpg",
        "product_description": "Lorem Ipsum is simply dummy text of the printing and typesetting industry.Lorem Ipsum is simply dummy text of the printing and typesetting industryLorem Ipsum is simply dummy text of the printing and typesetting industryLorem Ipsum is simply dummy text of the printing and typesetting industryLorem Ipsum is simply dummy text of the printing and typesetting industryLorem Ipsum is simply dummy text of the printing and typesetting industryLorem Ipsum is simply dummy text of the printing and typesetting industryLorem Ipsum is simply dummy text of the printing and typesetting industryLorem Ipsum is simply dummy text of the printing and typesetting industryLorem Ipsum is simply dummy text of the printing and typesetting industryLorem Ipsum is simply dummy text of the printing and typesetting industryLorem Ipsum is simply dummy text of the printing and typesetting industryLorem Ipsum is simply dummy text of the printing and typesetting industryLorem Ipsum is simply dummy text of the printing and typesetting industry",
        "created_at": "2021-02-01 12:42:08"
    },
    {
        "id": "7",
        "product_title": "Latha Kumari",
        "product_price": "$56.00",
        "product_image": "assets/2.jpg",
        "product_description": "Lorem Ipsum is simply dummy text of the printing and typesetting industry.Lorem Ipsum is simply dummy text of the printing and typesetting industryLorem Ipsum is simply dummy text of the printing and typesetting industryLorem Ipsum is simply dummy text of the printing and typesetting industryLorem Ipsum is simply dummy text of the printing and typesetting industryLorem Ipsum is simply dummy text of the printing and typesetting industryLorem Ipsum is simply dummy text of the printing and typesetting industryLorem Ipsum is simply dummy text of the printing and typesetting industryLorem Ipsum is simply dummy text of the printing and typesetting industryLorem Ipsum is simply dummy text of the printing and typesetting industryLorem Ipsum is simply dummy text of the printing and typesetting industryLorem Ipsum is simply dummy text of the printing and typesetting industryLorem Ipsum is simply dummy text of the printing and typesetting industryLorem Ipsum is simply dummy text of the printing and typesetting industry.",
        "created_at": "2021-02-01 12:42:08"
     },
    {
        "id": "6",
        "product_title": "Sumitha",
        "product_price": "$280.00",
        "product_image": "assets/3.jpg",
        "product_description": "Lorem Ipsum is simply dummy text of the printing and typesetting industry.Lorem Ipsum is simply dummy text of the printing and typesetting industryLorem Ipsum is simply dummy text of the printing and typesetting industryLorem Ipsum is simply dummy text of the printing and typesetting industryLorem Ipsum is simply dummy text of the printing and typesetting industryLorem Ipsum is simply dummy text of the printing and typesetting industryLorem Ipsum is simply dummy text of the printing and typesetting industryLorem Ipsum is simply dummy text of the printing and typesetting industryLorem Ipsum is simply dummy text of the printing and typesetting industryLorem Ipsum is simply dummy text of the printing and typesetting industryLorem Ipsum is simply dummy text of the printing and typesetting industryLorem Ipsum is simply dummy text of the printing and typesetting industryLorem Ipsum is simply dummy text of the printing and typesetting industryLorem Ipsum is simply dummy text of the printing and typesetting industry",
        "created_at": "2021-02-01 12:41:08"
    },
    {
        "id": "5",
        "product_title": "Shobana",
        "product_price": "$179.00",
        "product_image": "assets/4.jpg",
        "product_description": "Lorem Ipsum is simply dummy text of the printing and typesetting industry.Lorem Ipsum is simply dummy text of the printing and typesetting industryLorem Ipsum is simply dummy text of the printing and typesetting industryLorem Ipsum is simply dummy text of the printing and typesetting industryLorem Ipsum is simply dummy text of the printing and typesetting industryLorem Ipsum is simply dummy text of the printing and typesetting industryLorem Ipsum is simply dummy text of the printing and typesetting industryLorem Ipsum is simply dummy text of the printing and typesetting industryLorem Ipsum is simply dummy text of the printing and typesetting industryLorem Ipsum is simply dummy text of the printing and typesetting industryLorem Ipsum is simply dummy text of the printing and typesetting industryLorem Ipsum is simply dummy text of the printing and typesetting industryLorem Ipsum is simply dummy text of the printing and typesetting industryLorem Ipsum is simply dummy text of the printing and typesetting industry",
        "created_at": "2021-02-01 12:41:08"
    },
    {
        "id": "4",
        "product_title": "Ramya",
        "product_price": "$179.00",
        "product_image": "assets/5.jpg",
        "product_description": "Lorem Ipsum is simply dummy text of the printing and typesetting industry.Lorem Ipsum is simply dummy text of the printing and typesetting industryLorem Ipsum is simply dummy text of the printing and typesetting industryLorem Ipsum is simply dummy text of the printing and typesetting industryLorem Ipsum is simply dummy text of the printing and typesetting industryLorem Ipsum is simply dummy text of the printing and typesetting industryLorem Ipsum is simply dummy text of the printing and typesetting industryLorem Ipsum is simply dummy text of the printing and typesetting industryLorem Ipsum is simply dummy text of the printing and typesetting industryLorem Ipsum is simply dummy text of the printing and typesetting industryLorem Ipsum is simply dummy text of the printing and typesetting industryLorem Ipsum is simply dummy text of the printing and typesetting industryLorem Ipsum is simply dummy text of the printing and typesetting industryLorem Ipsum is simply dummy text of the printing and typesetting industry",
        "created_at": "2021-02-01 12:39:54"
    },
    {
        "id": "3",
        "product_title": "Rajeshwari",
        "product_price": "$56.00",
        "product_image": "assets/6.jpg",
        "product_description": "Lorem Ipsum is simply dummy text of the printing and typesetting industry.Lorem Ipsum is simply dummy text of the printing and typesetting industryLorem Ipsum is simply dummy text of the printing and typesetting industryLorem Ipsum is simply dummy text of the printing and typesetting industryLorem Ipsum is simply dummy text of the printing and typesetting industryLorem Ipsum is simply dummy text of the printing and typesetting industryLorem Ipsum is simply dummy text of the printing and typesetting industryLorem Ipsum is simply dummy text of the printing and typesetting industryLorem Ipsum is simply dummy text of the printing and typesetting industryLorem Ipsum is simply dummy text of the printing and typesetting industryLorem Ipsum is simply dummy text of the printing and typesetting industryLorem Ipsum is simply dummy text of the printing and typesetting industryLorem Ipsum is simply dummy text of the printing and typesetting industryLorem Ipsum is simply dummy text of the printing and typesetting industry",
        "created_at": "2021-02-01 12:39:54"
    },
   
    {
        "id": "2",
        "product_title": "Selvi ranganayagi",
        "product_price": "$280.00",
        "product_image": "assets/7.jpg",
        "product_description": "Lorem Ipsum is simply dummy text of the printing and typesetting industry.Lorem Ipsum is simply dummy text of the printing and typesetting industryLorem Ipsum is simply dummy text of the printing and typesetting industryLorem Ipsum is simply dummy text of the printing and typesetting industryLorem Ipsum is simply dummy text of the printing and typesetting industryLorem Ipsum is simply dummy text of the printing and typesetting industryLorem Ipsum is simply dummy text of the printing and typesetting industryLorem Ipsum is simply dummy text of the printing and typesetting industryLorem Ipsum is simply dummy text of the printing and typesetting industryLorem Ipsum is simply dummy text of the printing and typesetting industryLorem Ipsum is simply dummy text of the printing and typesetting industryLorem Ipsum is simply dummy text of the printing and typesetting industryLorem Ipsum is simply dummy text of the printing and typesetting industryLorem Ipsum is simply dummy text of the printing and typesetting industry",
        "created_at": "2021-02-01 12:38:47"
    },
    {
        "id": "1",
        "product_title": "Selvan",
        "product_price": "$179.00",
        "product_image": "assets/8.jpg",
        "product_description": "Lorem Ipsum is simply dummy text of the printing and typesetting industry.Lorem Ipsum is simply dummy text of the printing and typesetting industryLorem Ipsum is simply dummy text of the printing and typesetting industryLorem Ipsum is simply dummy text of the printing and typesetting industryLorem Ipsum is simply dummy text of the printing and typesetting industryLorem Ipsum is simply dummy text of the printing and typesetting industryLorem Ipsum is simply dummy text of the printing and typesetting industryLorem Ipsum is simply dummy text of the printing and typesetting industryLorem Ipsum is simply dummy text of the printing and typesetting industryLorem Ipsum is simply dummy text of the printing and typesetting industryLorem Ipsum is simply dummy text of the printing and typesetting industryLorem Ipsum is simply dummy text of the printing and typesetting industryLorem Ipsum is simply dummy text of the printing and typesetting industryLorem Ipsum is simply dummy text of the printing and typesetting industry",
        "created_at": "2021-02-01 12:38:47"
    }
]
}